,season,hr,holiday,weekday,workingday,weathersit,temp,hum,windspeed,casual,registered,cnt,day,daylight_hours
0,1,0,0,6,0,1,0.24,0.81,0.0,3,13,16,1,9.489166666666666
1,1,1,0,6,0,1,0.22,0.8,0.0,8,32,40,1,9.489166666666666
37,1,14,0,0,0,3,0.36,0.76,0.194,4,55,59,2,9.500555555555556
44,1,21,0,0,0,1,0.26,0.44,0.3284,11,20,31,2,9.500555555555556
54,1,9,0,1,1,1,0.16,0.43,0.3881,7,81,88,3,9.513333333333334
67,1,22,0,1,1,1,0.14,0.69,0.1343,0,20,20,3,9.513333333333334
78,1,10,0,2,1,2,0.16,0.69,0.3284,5,37,42,4,9.526666666666667
80,1,12,0,2,1,1,0.22,0.51,0.1642,12,66,78,4,9.526666666666667
85,1,17,0,2,1,1,0.28,0.48,0.2239,10,202,212,4,9.526666666666667
91,1,23,0,2,1,1,0.2,0.69,0.0896,2,9,11,4,9.526666666666667
135,1,21,0,4,1,2,0.22,0.55,0.2239,0,48,48,6,9.556666666666667
138,1,0,0,5,1,2,0.2,0.64,0.194,4,13,17,7,9.573055555555555
153,1,16,0,5,1,2,0.2,0.37,0.1642,5,82,87,7,9.573055555555555
169,1,8,0,6,0,3,0.16,0.93,0.1045,0,15,15,8,9.590277777777779
243,1,12,0,2,1,2,0.2,0.51,0.1045,2,55,57,11,9.6475
249,1,18,0,2,1,3,0.16,0.93,0.1045,1,94,95,11,9.6475
305,1,5,0,5,1,1,0.1,0.54,0.0896,0,8,8,14,9.7125
354,1,6,0,0,0,2,0.26,0.56,0.1642,0,1,1,16,9.759722222222223
364,1,16,0,0,0,1,0.24,0.38,0.2239,22,77,99,16,9.759722222222223
436,1,5,0,4,1,1,0.24,0.6,0.2239,0,6,6,20,9.863333333333333
449,1,18,0,4,1,2,0.26,0.56,0.194,1,184,185,20,9.863333333333333
466,1,11,0,5,1,1,0.22,0.41,0.4627,6,53,59,21,9.891111111111112
533,1,9,0,1,1,1,0.06,0.41,0.0,4,98,102,24,9.978055555555555
578,1,9,0,3,1,3,0.22,0.87,0.2985,3,55,58,26,10.039166666666667
596,1,1,0,5,1,2,0.2,0.75,0.1343,1,2,3,28,10.1025
719,1,8,0,3,1,3,0.22,0.93,0.2239,1,154,155,2,10.269722222222223
747,1,13,0,4,1,1,0.2,0.4,0.4179,4,47,51,3,10.304444444444444
752,1,18,0,4,1,1,0.2,0.4,0.1642,2,145,147,3,10.304444444444444
757,1,23,0,4,1,1,0.2,0.47,0.1045,4,34,38,3,10.304444444444444
764,1,7,0,5,1,1,0.14,0.59,0.0,0,87,87,4,10.339722222222223
773,1,16,0,5,1,2,0.3,0.42,0.2239,8,91,99,4,10.339722222222223
822,1,17,0,0,0,1,0.34,0.46,0.0,24,97,121,6,10.411666666666667
824,1,19,0,0,0,1,0.28,0.61,0.1343,1,20,21,6,10.411666666666667
825,1,20,0,0,0,1,0.28,0.61,0.1045,5,21,26,6,10.411666666666667
828,1,23,0,0,0,1,0.24,0.65,0.0,4,26,30,6,10.411666666666667
835,1,6,0,1,1,1,0.18,0.93,0.0,1,29,30,7,10.448055555555555
849,1,20,0,1,1,2,0.32,0.7,0.1045,6,82,88,7,10.448055555555555
863,1,10,0,2,1,1,0.22,0.47,0.5522,4,44,48,8,10.485
870,1,17,0,2,1,1,0.22,0.32,0.5821,4,172,176,8,10.485
878,1,1,0,3,1,1,0.1,0.36,0.2239,0,7,7,9,10.522222222222222
879,1,2,0,3,1,1,0.08,0.38,0.2836,1,2,3,9,10.522222222222222
907,1,8,0,4,1,1,0.1,0.49,0.3284,5,173,178,10,10.559722222222222
924,1,1,0,5,1,1,0.1,0.54,0.0896,1,6,7,11,10.5975
948,1,3,0,6,0,1,0.12,0.8,0.0,3,7,10,12,10.635833333333334
968,1,23,0,6,0,1,0.22,0.51,0.1343,1,31,32,12,10.635833333333334
981,1,13,0,0,0,1,0.38,0.29,0.3582,62,92,154,13,10.674166666666666
995,1,3,0,1,1,1,0.34,0.46,0.2239,1,1,2,14,10.712777777777777
1025,1,10,0,2,1,1,0.24,0.27,0.2836,5,47,52,15,10.751944444444444
1027,1,12,0,2,1,1,0.28,0.24,0.2537,6,65,71,15,10.751944444444444
1056,1,18,0,3,1,1,0.4,0.4,0.2239,20,202,222,16,10.79111111111111
1081,1,19,0,4,1,1,0.48,0.55,0.3284,14,161,175,17,10.830555555555556
1117,1,7,0,6,0,1,0.38,0.17,0.5224,6,16,22,19,10.910277777777777
1124,1,14,0,6,0,1,0.46,0.15,0.6567,102,94,196,19,10.910277777777777
1168,1,11,1,1,0,2,0.32,0.57,0.1045,20,70,90,21,10.990833333333333
1221,1,23,0,3,1,1,0.22,0.55,0.0896,1,38,39,23,11.071944444444444
1230,1,9,0,4,1,2,0.24,0.75,0.2985,4,133,137,24,11.112777777777778
1240,1,19,0,4,1,3,0.34,0.93,0.2985,3,112,115,24,11.112777777777778
1253,1,9,0,5,1,3,0.34,0.93,0.3582,3,111,114,25,11.153888888888888
1297,1,6,0,0,0,1,0.24,0.87,0.0,2,1,3,27,11.23638888888889
1314,1,23,0,0,0,2,0.36,0.62,0.1642,6,53,59,27,11.23638888888889
1341,1,4,0,2,1,1,0.22,0.69,0.2537,0,1,1,1,11.319166666666666
1379,1,18,0,3,1,1,0.46,0.23,0.4925,8,193,201,2,11.360833333333334
1410,1,1,0,5,1,2,0.18,0.64,0.194,0,4,4,4,11.444444444444445
1432,1,23,0,5,1,2,0.3,0.75,0.1642,6,40,46,4,11.444444444444445
1444,1,11,0,6,0,2,0.4,0.76,0.2239,43,116,159,5,11.48638888888889
1464,1,8,0,0,0,2,0.4,1.0,0.2985,1,8,9,6,11.528611111111111
1488,1,9,0,1,1,1,0.22,0.64,0.4627,5,129,134,7,11.570555555555556
1521,1,18,0,2,1,1,0.34,0.27,0.194,21,214,235,8,11.612777777777778
1524,1,21,0,2,1,1,0.3,0.49,0.194,7,68,75,8,11.612777777777778
1570,1,21,0,4,1,3,0.36,0.56,0.2239,1,27,28,10,11.697222222222223
1575,1,2,0,5,1,3,0.34,1.0,0.1045,2,3,5,11,11.739722222222222
1576,1,3,0,5,1,2,0.32,0.93,0.0896,0,2,2,11,11.739722222222222
1580,1,8,0,5,1,1,0.28,0.7,0.2537,15,244,259,11,11.739722222222222
1597,1,1,0,6,0,1,0.24,0.65,0.194,3,15,18,12,11.781944444444445
1607,1,11,0,6,0,1,0.34,0.49,0.3284,36,83,119,12,11.781944444444445
1613,1,17,0,6,0,1,0.46,0.44,0.3284,99,114,213,12,11.781944444444445
1641,1,22,0,0,0,1,0.3,0.56,0.3284,8,29,37,13,11.824444444444444
1658,1,16,0,1,1,1,0.4,0.35,0.1045,27,80,107,14,11.866944444444444
1684,1,19,0,2,1,2,0.34,0.71,0.2836,14,138,152,15,11.909444444444444
1685,1,20,0,2,1,2,0.34,0.71,0.2836,9,79,88,15,11.909444444444444
1765,1,6,0,6,0,1,0.44,0.44,0.4179,0,10,10,19,12.079444444444444
1788,1,5,0,0,0,1,0.26,0.6,0.194,3,6,9,20,12.121944444444445
1794,1,11,0,0,0,1,0.34,0.39,0.1045,92,111,203,20,12.121944444444445
1818,2,12,0,1,1,2,0.44,0.77,0.2537,25,56,81,21,12.164444444444445
1824,2,18,0,1,1,2,0.52,0.72,0.2239,44,232,276,21,12.164444444444445
1826,2,20,0,1,1,1,0.56,0.64,0.194,16,106,122,21,12.164444444444445
1939,2,14,0,6,0,1,0.34,0.29,0.2239,93,123,216,26,12.376666666666667
1942,2,17,0,6,0,1,0.32,0.24,0.2239,102,101,203,26,12.376666666666667
1959,2,11,0,0,0,2,0.24,0.48,0.1642,23,85,108,27,12.418888888888889
1986,2,15,0,1,1,1,0.32,0.24,0.2836,19,53,72,28,12.46111111111111
2030,2,11,0,3,1,2,0.34,0.46,0.2537,26,64,90,30,12.545555555555556
2038,2,19,0,3,1,2,0.26,0.93,0.2239,5,67,72,30,12.545555555555556
2106,2,15,0,6,0,3,0.34,0.76,0.3881,72,64,136,2,12.671666666666667
2120,2,5,0,0,0,1,0.28,0.65,0.2239,1,4,5,3,14.016666666666667
2134,2,19,0,0,0,2,0.42,0.44,0.194,51,93,144,3,14.016666666666667
2136,2,21,0,0,0,2,0.42,0.44,0.2239,8,37,45,3,14.016666666666667
2171,2,8,0,2,1,3,0.38,0.87,0.5821,9,148,157,5,12.796944444444444
2177,2,14,0,2,1,2,0.36,0.57,0.4925,9,67,76,5,12.796944444444444
2180,2,17,0,2,1,1,0.42,0.38,0.4179,27,246,273,5,12.796944444444444
2210,2,23,0,3,1,1,0.46,0.41,0.2985,11,29,40,6,12.838611111111112
2226,2,15,0,4,1,1,0.6,0.38,0.1045,27,133,160,7,12.88
2284,2,1,0,0,0,2,0.38,0.87,0.1343,6,31,37,10,13.00388888888889
2311,2,5,0,1,1,1,0.46,0.94,0.194,1,12,13,11,13.044722222222223
2373,2,19,0,3,1,1,0.44,0.62,0.2537,15,160,175,13,13.126388888888888
2391,2,13,0,4,1,1,0.56,0.37,0.2239,38,121,159,14,13.166666666666666
2397,2,19,0,4,1,1,0.54,0.32,0.0,37,222,259,14,13.166666666666666
2403,2,1,1,5,0,1,0.44,0.62,0.0,6,9,15,15,13.207222222222223
2420,2,18,1,5,0,2,0.46,0.67,0.3881,47,216,263,15,13.207222222222223
2452,2,2,0,0,0,1,0.4,0.62,0.194,4,25,29,17,13.287222222222223
2470,2,20,0,0,0,1,0.52,0.36,0.194,44,97,141,17,13.287222222222223
2471,2,21,0,0,0,1,0.5,0.42,0.194,13,70,83,17,13.287222222222223
2476,2,2,0,1,1,1,0.42,0.67,0.1045,14,2,16,18,13.327222222222222
2500,2,2,0,2,1,1,0.46,0.67,0.2836,8,5,13,19,13.366666666666667
2512,2,14,0,2,1,2,0.54,0.64,0.194,19,88,107,19,13.366666666666667
2535,2,13,0,3,1,1,0.7,0.48,0.3881,42,135,177,20,13.40611111111111
2537,2,15,0,3,1,2,0.76,0.35,0.3582,32,113,145,20,13.40611111111111
2538,2,16,0,3,1,2,0.76,0.35,0.3582,54,201,255,20,13.40611111111111
2586,2,16,0,5,1,3,0.34,0.87,0.1343,4,58,62,22,13.484166666666667
2591,2,21,0,5,1,3,0.3,0.93,0.1642,5,23,28,22,13.484166666666667
2596,2,2,0,6,0,3,0.32,1.0,0.1343,3,14,17,23,13.522777777777778
2612,2,18,0,6,0,1,0.58,0.78,0.194,149,227,376,23,13.522777777777778
2614,2,20,0,6,0,2,0.54,0.88,0.2537,45,138,183,23,13.522777777777778
2625,2,7,0,0,0,2,0.5,1.0,0.0,16,11,27,24,13.561388888888889
2641,2,23,0,0,0,3,0.54,1.0,0.0896,5,37,42,24,13.561388888888889
2642,2,0,0,1,1,3,0.52,1.0,0.0,2,10,12,25,13.599444444444444
2647,2,5,0,1,1,2,0.46,1.0,0.0,3,14,17,25,13.599444444444444
2660,2,18,0,1,1,1,0.68,0.57,0.3582,74,425,499,25,13.599444444444444
2672,2,6,0,2,1,1,0.56,0.88,0.2239,0,80,80,26,13.637222222222222
2677,2,11,0,2,1,1,0.68,0.65,0.3881,40,132,172,26,13.637222222222222
2699,2,9,0,3,1,2,0.6,0.88,0.4179,20,161,181,27,13.675
2722,2,8,0,4,1,2,0.66,0.78,0.4478,31,367,398,28,13.712222222222222
2810,2,0,0,1,1,1,0.46,0.72,0.1343,68,109,177,2,13.842222222222222
2821,2,11,0,1,1,1,0.58,0.73,0.2985,34,96,130,2,13.842222222222222
2871,2,13,0,3,1,2,0.46,0.59,0.4478,15,128,143,4,13.913055555555555
2873,2,15,0,3,1,1,0.48,0.51,0.4179,22,107,129,4,13.913055555555555
2910,2,4,0,5,1,1,0.36,0.71,0.1045,0,1,1,6,13.9825
2939,2,9,0,6,0,1,0.54,0.49,0.2836,54,164,218,7,14.016666666666667
2953,2,23,0,6,0,1,0.5,0.59,0.1045,30,89,119,7,14.016666666666667
2958,2,4,0,0,0,1,0.42,0.82,0.0,2,8,10,8,14.050277777777778
2982,2,4,0,1,1,1,0.42,0.82,0.1642,0,4,4,9,14.08361111111111
3019,2,17,0,2,1,1,0.64,0.33,0.0,79,532,611,10,14.116388888888888
3048,2,22,0,3,1,1,0.5,0.72,0.2537,12,134,146,11,14.14861111111111
3063,2,13,0,4,1,2,0.62,0.57,0.2985,48,170,218,12,14.180555555555555
3089,2,15,0,5,1,2,0.52,0.88,0.1642,56,142,198,13,14.211944444444445
3091,2,17,0,5,1,3,0.52,0.88,0.1642,62,429,491,13,14.211944444444445
3122,2,0,0,0,0,2,0.52,1.0,0.0,5,34,39,15,14.273055555555555
3133,2,11,0,0,0,1,0.6,0.78,0.2239,120,202,322,15,14.273055555555555
3136,2,14,0,0,0,1,0.64,0.73,0.194,183,254,437,15,14.273055555555555
3156,2,10,0,1,1,1,0.62,0.65,0.0896,37,75,112,16,14.302777777777777
3158,2,12,0,1,1,1,0.66,0.54,0.0896,72,137,209,16,14.302777777777777
3162,2,16,0,1,1,3,0.6,0.78,0.2537,45,181,226,16,14.302777777777777
3166,2,20,0,1,1,1,0.58,0.83,0.0,31,167,198,16,14.302777777777777
3187,2,17,0,2,1,1,0.62,0.65,0.4179,83,521,604,17,14.331944444444444
3201,2,7,0,3,1,1,0.54,0.88,0.194,14,260,274,18,14.360555555555555
3205,2,11,0,3,1,2,0.54,0.94,0.0896,6,17,23,18,14.360555555555555
3210,2,16,0,3,1,1,0.6,0.73,0.194,53,241,294,18,14.360555555555555
3217,2,23,0,3,1,1,0.52,0.94,0.0896,10,49,59,18,14.360555555555555
3231,2,13,0,4,1,3,0.58,0.64,0.2537,44,139,183,19,14.38861111111111
3235,2,17,0,4,1,1,0.56,0.78,0.1642,60,487,547,19,14.38861111111111
3251,2,9,0,5,1,1,0.54,0.68,0.2239,35,199,234,20,14.415833333333333
3266,2,0,0,6,0,1,0.52,0.77,0.1045,20,78,98,21,14.442777777777778
3299,2,9,0,0,0,1,0.62,0.69,0.1045,59,130,189,22,14.46888888888889
3332,2,18,0,1,1,1,0.7,0.74,0.2836,68,385,453,23,14.494444444444444
3346,2,8,0,2,1,3,0.62,0.83,0.2239,31,403,434,24,14.519166666666667
3363,2,1,0,3,1,3,0.58,0.83,0.194,6,2,8,25,14.543333333333333
3394,2,8,0,4,1,2,0.66,0.83,0.1642,31,458,489,26,14.566944444444445
3404,2,18,0,4,1,1,0.8,0.46,0.3284,74,404,478,26,14.566944444444445
3432,2,22,0,5,1,1,0.6,0.78,0.1343,25,116,141,27,14.589444444444444
3434,2,0,0,6,0,1,0.58,0.88,0.1343,15,79,94,28,14.611666666666666
3501,2,19,1,1,0,2,0.52,0.48,0.1045,68,157,225,30,14.653333333333334
3505,2,23,1,1,0,1,0.7,0.84,0.1045,14,34,48,30,14.653333333333334
3515,2,9,0,2,1,1,0.8,0.55,0.1343,22,153,175,31,14.673055555555555
3532,2,2,0,3,1,1,0.7,0.79,0.1642,0,3,3,1,14.691944444444445
3571,2,17,0,4,1,1,0.76,0.2,0.5224,88,484,572,2,14.71
3615,2,13,0,6,0,1,0.74,0.28,0.1343,188,268,456,4,14.74388888888889
3620,2,18,0,6,0,2,0.74,0.3,0.1642,127,214,341,4,14.74388888888889
3628,2,2,0,0,0,2,0.64,0.61,0.1642,16,48,64,5,14.759444444444444
3635,2,9,0,0,0,2,0.6,0.78,0.194,53,111,164,5,14.759444444444444
3694,2,20,0,2,1,1,0.74,0.56,0.1343,45,301,346,7,14.788055555555555
3699,2,1,0,3,1,1,0.66,0.78,0.0,3,20,23,8,14.801111111111112
3709,2,11,0,3,1,1,0.84,0.41,0.194,28,106,134,8,14.801111111111112
3710,2,12,0,3,1,1,0.88,0.42,0.1343,15,134,149,8,14.801111111111112
3711,2,13,0,3,1,1,0.9,0.42,0.0,20,116,136,8,14.801111111111112
3771,2,1,0,6,0,1,0.7,0.79,0.0896,10,67,77,11,14.834722222222222
3801,2,7,0,0,0,1,0.64,0.78,0.1045,7,27,34,12,14.844166666666666
3835,2,17,0,1,1,1,0.7,0.39,0.3284,72,529,601,13,14.852777777777778
3872,2,6,0,3,1,1,0.5,0.63,0.2537,11,110,121,15,14.866944444444444
3892,2,2,0,4,1,1,0.6,0.56,0.0896,1,4,5,16,14.872777777777777
3908,2,18,0,4,1,1,0.64,0.83,0.2239,26,299,325,16,14.872777777777777
3919,2,5,0,5,1,1,0.54,1.0,0.0,1,12,13,17,14.8775
3921,2,7,0,5,1,1,0.6,0.83,0.0,25,225,250,17,14.8775
3989,2,3,0,1,1,3,0.64,0.89,0.0,1,0,1,20,14.886111111111111
4003,2,17,0,1,1,1,0.7,0.54,0.0,81,484,565,20,14.886111111111111
4032,3,22,0,2,1,1,0.7,0.79,0.1045,12,97,109,21,14.886944444444444
4048,3,14,0,3,1,2,0.82,0.52,0.2836,32,113,145,22,14.886944444444444
4052,3,18,0,3,1,2,0.8,0.59,0.2537,66,447,513,22,14.886944444444444
4062,3,4,0,4,1,2,0.7,0.79,0.1343,0,7,7,23,14.886111111111111
4070,3,12,0,4,1,2,0.76,0.66,0.2836,30,130,160,23,14.886111111111111
4078,3,20,0,4,1,1,0.7,0.74,0.2239,75,277,352,23,14.886111111111111
4080,3,22,0,4,1,2,0.7,0.74,0.2239,23,139,162,23,14.886111111111111
4082,3,0,0,5,1,1,0.68,0.79,0.194,10,53,63,24,14.884166666666667
4162,3,8,0,1,1,1,0.66,0.74,0.194,29,418,447,27,14.872777777777777
4240,3,14,0,4,1,1,0.78,0.31,0.194,46,117,163,30,14.853055555555555
4243,3,17,0,4,1,1,0.78,0.27,0.3582,98,496,594,30,14.853055555555555
4248,3,22,0,4,1,1,0.7,0.42,0.1642,43,164,207,30,14.853055555555555
4249,3,23,0,4,1,1,0.66,0.5,0.0,27,99,126,30,14.853055555555555
4263,3,13,0,5,1,1,0.8,0.24,0.0,83,209,292,1,14.844444444444445
4264,3,14,0,5,1,1,0.82,0.23,0.194,78,225,303,1,14.844444444444445
4288,3,14,0,6,0,1,0.84,0.2,0.0,177,215,392,2,14.835277777777778
4290,3,16,0,6,0,1,0.88,0.22,0.2239,206,192,398,2,14.835277777777778
4294,3,20,0,6,0,1,0.76,0.45,0.2836,136,148,284,2,14.835277777777778
4314,3,16,0,0,0,1,0.84,0.53,0.2985,195,219,414,3,14.825
4331,3,9,1,1,0,2,0.72,0.66,0.0896,142,96,238,4,14.813611111111111
4344,3,22,1,1,0,2,0.74,0.62,0.1343,115,211,326,4,14.813611111111111
4382,3,12,0,3,1,2,0.74,0.66,0.0896,38,114,152,6,14.788611111111111
4383,3,13,0,3,1,2,0.74,0.7,0.1045,33,107,140,6,14.788611111111111
4400,3,6,0,4,1,2,0.64,0.89,0.1343,11,107,118,7,14.774722222222222
4441,3,23,0,5,1,2,0.66,0.78,0.0896,40,111,151,8,14.760277777777778
4481,3,15,0,0,0,1,0.84,0.39,0.2836,142,219,361,10,14.728333333333333
4488,3,22,0,0,0,1,0.74,0.66,0.2239,56,87,143,10,14.728333333333333
4528,3,14,0,2,1,1,0.9,0.42,0.2985,33,91,124,12,14.693333333333333
4542,3,4,0,3,1,1,0.74,0.58,0.2537,0,5,5,13,14.674444444444445
4552,3,14,0,3,1,3,0.82,0.46,0.1343,27,89,116,13,14.674444444444445
4558,3,20,0,3,1,1,0.7,0.84,0.1642,61,281,342,13,14.674444444444445
4587,3,1,0,5,1,1,0.62,0.73,0.194,7,13,20,15,14.634722222222223
4634,3,0,0,0,0,1,0.66,0.65,0.2239,34,91,125,17,14.591666666666667
4652,3,18,0,0,0,1,0.8,0.46,0.2985,147,243,390,17,14.591666666666667
4733,3,3,0,4,1,2,0.74,0.79,0.1343,1,5,6,21,14.4975
4740,3,10,0,4,1,2,0.82,0.71,0.2239,31,47,78,21,14.4975
4753,3,23,0,4,1,1,0.8,0.71,0.1642,40,73,113,21,14.4975
4775,3,21,0,5,1,1,0.82,0.59,0.0896,38,152,190,22,14.4725
4815,3,13,0,0,0,1,0.86,0.47,0.2239,90,162,252,24,14.42
4816,3,14,0,0,0,1,0.86,0.5,0.2836,79,204,283,24,14.42
4825,3,23,0,0,0,2,0.76,0.7,0.0896,13,37,50,24,14.42
4839,3,13,0,1,1,2,0.74,0.74,0.1343,14,64,78,25,14.392777777777777
4847,3,21,0,1,1,1,0.7,0.84,0.0,41,153,194,25,14.392777777777777
4888,3,14,0,3,1,1,0.84,0.28,0.2239,20,107,127,27,14.336944444444445
4892,3,18,0,3,1,1,0.82,0.28,0.1045,78,463,541,27,14.336944444444445
4914,3,16,0,4,1,1,0.86,0.47,0.1642,42,214,256,28,14.308055555555555
4919,3,21,0,4,1,1,0.78,0.66,0.2836,31,165,196,28,14.308055555555555
4921,3,23,0,4,1,1,0.76,0.75,0.194,28,95,123,28,14.308055555555555
4926,3,4,0,5,1,1,0.72,0.84,0.1343,2,4,6,29,14.278611111111111
4935,3,13,0,5,1,1,0.94,0.31,0.0,42,114,156,29,14.278611111111111
4947,3,1,0,6,0,1,0.76,0.55,0.0896,15,75,90,30,14.248888888888889
4989,3,19,0,0,0,1,0.8,0.55,0.3284,87,187,274,31,14.218333333333334
5008,3,14,0,1,1,1,0.92,0.29,0.194,37,86,123,1,14.1875
5038,3,20,0,2,1,2,0.82,0.46,0.2537,40,248,288,2,14.15611111111111
5058,3,16,0,3,1,3,0.68,0.79,0.0,21,129,150,3,14.124166666666667
5066,3,0,0,4,1,2,0.68,0.89,0.0896,2,15,17,4,14.091666666666667
5088,3,22,0,4,1,1,0.68,0.74,0.194,33,141,174,4,14.091666666666667
5101,3,11,0,5,1,2,0.76,0.52,0.2537,44,103,147,5,14.05888888888889
5112,3,22,0,5,1,1,0.7,0.65,0.2239,51,137,188,5,14.05888888888889
5119,3,5,0,6,0,1,0.64,0.89,0.0896,2,4,6,6,14.025833333333333
5177,3,15,0,1,1,1,0.84,0.41,0.2985,40,86,126,8,13.958055555555555
5233,3,23,0,3,1,1,0.74,0.37,0.0896,14,94,108,10,13.88888888888889
5251,3,17,0,4,1,1,0.8,0.29,0.2537,96,486,582,11,13.85388888888889
5268,3,10,0,5,1,1,0.74,0.33,0.1045,44,86,130,12,13.818333333333333
5289,3,7,0,6,0,2,0.66,0.74,0.194,10,34,44,13,13.7825
5303,3,21,0,6,0,2,0.68,0.83,0.3881,40,127,167,13,13.7825
5337,3,7,0,1,1,1,0.6,0.88,0.2537,10,248,258,15,13.71
5397,3,19,0,3,1,1,0.76,0.55,0.2239,50,297,347,17,13.636111111111111
5420,3,18,0,4,1,3,0.76,0.55,0.2537,48,226,274,18,13.57638888888889
5422,3,20,0,4,1,1,0.66,0.83,0.1045,24,141,165,18,13.57638888888889
5430,3,4,0,5,1,1,0.64,0.83,0.0,1,7,8,19,13.538611111111111
5442,3,16,0,5,1,1,0.8,0.49,0.0,66,261,327,19,13.538611111111111
5483,3,9,0,0,0,1,0.72,0.74,0.2239,80,151,231,21,13.462222222222222
5514,3,16,0,1,1,1,0.74,0.3,0.3881,66,254,320,22,13.42361111111111
5546,3,0,0,3,1,1,0.62,0.57,0.1343,9,29,38,24,13.345833333333333
5553,3,7,0,3,1,1,0.6,0.64,0.0896,11,297,308,24,13.345833333333333
5560,3,14,0,3,1,1,0.76,0.48,0.4179,77,127,204,24,13.345833333333333
5584,3,14,0,4,1,2,0.72,0.74,0.0,27,86,113,25,13.306666666666667
5612,3,18,0,5,1,2,0.74,0.74,0.1343,40,370,410,26,13.267222222222221
5614,3,20,0,5,1,1,0.72,0.79,0.0896,39,183,222,26,13.267222222222221
5648,3,19,0,0,0,1,0.72,0.48,0.1045,140,247,387,28,13.188055555555556
5673,3,20,0,1,1,1,0.64,0.53,0.1642,50,227,277,29,13.148333333333333
5704,3,3,0,3,1,1,0.56,0.78,0.0,2,4,6,31,13.068055555555556
5712,3,11,0,3,1,1,0.72,0.42,0.1343,28,143,171,31,13.068055555555556
5727,3,2,0,4,1,1,0.58,0.78,0.0896,14,11,25,1,13.027777777777779
5747,3,22,0,4,1,2,0.66,0.57,0.2239,34,145,179,1,13.027777777777779
5760,3,11,0,5,1,2,0.66,0.74,0.1045,51,141,192,2,12.987222222222222
5792,3,19,0,6,0,1,0.7,0.74,0.1343,147,148,295,3,12.946666666666667
5825,3,4,1,1,0,2,0.68,0.69,0.2836,3,5,8,5,12.865277777777777
5868,3,0,0,3,1,2,0.54,0.94,0.2239,1,12,13,7,12.783333333333333
5871,3,3,0,3,1,3,0.56,0.94,0.1343,1,1,2,7,12.783333333333333
5873,3,5,0,3,1,2,0.56,1.0,0.1343,1,15,16,7,12.783333333333333
5875,3,7,0,3,1,3,0.6,0.88,0.0896,3,83,86,7,12.783333333333333
5889,3,21,0,3,1,3,0.64,0.89,0.0896,4,34,38,7,12.783333333333333
5909,3,18,0,4,1,3,0.64,0.94,0.3582,2,66,68,8,12.742222222222223
5915,3,0,0,5,1,3,0.64,0.94,0.194,1,15,16,9,12.700833333333334
5918,3,3,0,5,1,2,0.62,0.94,0.2537,1,1,2,9,12.700833333333334
5949,3,10,0,6,0,1,0.7,0.65,0.2537,85,233,318,10,12.659722222222221
5977,3,14,0,0,0,1,0.72,0.58,0.2836,120,222,342,11,12.618333333333334
6025,3,15,0,2,1,1,0.74,0.51,0.2985,35,145,180,13,12.535555555555556
6028,3,18,0,2,1,1,0.7,0.61,0.1642,67,472,539,13,12.535555555555556
6057,3,23,0,3,1,2,0.64,0.69,0.1045,10,62,72,14,12.49388888888889
6069,3,11,0,4,1,2,0.68,0.65,0.1343,39,120,159,15,12.452222222222222
6090,3,8,0,5,1,1,0.42,0.67,0.2239,23,386,409,16,12.410555555555556
6097,3,15,0,5,1,2,0.54,0.45,0.2239,38,165,203,16,12.410555555555556
6123,3,17,0,6,0,1,0.52,0.72,0.2239,141,218,359,17,12.36888888888889
6159,3,5,0,1,1,2,0.5,0.77,0.194,2,26,28,19,12.285277777777777
6188,3,10,0,2,1,3,0.56,0.88,0.1642,4,26,30,20,12.243611111111111
6194,3,16,0,2,1,2,0.6,0.83,0.1642,23,241,264,20,12.243611111111111
6206,3,4,0,3,1,2,0.54,1.0,0.1343,2,5,7,21,12.201666666666666
6220,3,18,0,3,1,3,0.64,0.83,0.1642,24,384,408,21,12.201666666666666
6238,3,12,0,4,1,2,0.66,0.83,0.1642,25,151,176,22,12.16
6290,4,16,0,6,0,2,0.64,0.78,0.0896,167,282,449,24,12.07611111111111
6298,4,0,0,0,0,2,0.6,0.88,0.0,37,136,173,25,12.034444444444444
6315,4,17,0,0,0,1,0.68,0.74,0.0,145,275,420,25,12.034444444444444
6322,4,0,0,1,1,2,0.62,0.94,0.0,6,23,29,26,11.9925
6328,4,6,0,1,1,2,0.62,0.94,0.0896,6,107,113,26,11.9925
6336,4,14,0,1,1,1,0.7,0.7,0.1642,44,110,154,26,11.9925
6348,4,2,0,2,1,1,0.62,0.94,0.1045,7,4,11,27,11.950555555555555
6422,4,4,0,5,1,1,0.52,0.83,0.194,2,6,8,30,11.825277777777778
6440,4,22,0,5,1,1,0.52,0.55,0.3284,30,129,159,30,11.825277777777778
6441,4,23,0,5,1,1,0.52,0.55,0.3284,23,109,132,30,11.825277777777778
6484,4,18,0,0,0,2,0.36,0.81,0.194,16,158,174,2,11.741666666666667
6498,4,8,0,1,1,2,0.36,0.71,0.1045,13,359,372,3,11.7
6503,4,13,0,1,1,3,0.42,0.67,0.1642,16,102,118,3,11.7
6559,4,21,0,3,1,1,0.5,0.82,0.1045,28,173,201,5,11.616666666666667
6560,4,22,0,3,1,1,0.52,0.72,0.0,20,134,154,5,11.616666666666667
6575,4,13,0,4,1,1,0.56,0.46,0.0896,33,158,191,6,11.575
6585,4,23,0,4,1,1,0.44,0.88,0.0896,18,81,99,6,11.575
6597,4,11,0,5,1,1,0.56,0.63,0.0,80,150,230,7,11.533611111111112
6618,4,8,0,6,0,1,0.46,0.82,0.0,14,89,103,8,11.492222222222223
6632,4,22,0,6,0,1,0.5,0.77,0.0,45,104,149,8,11.492222222222223
6646,4,12,0,0,0,1,0.64,0.44,0.0896,212,243,455,9,11.450833333333334
6650,4,16,0,0,0,1,0.66,0.5,0.1343,223,247,470,9,11.450833333333334
6651,4,17,0,0,0,1,0.62,0.61,0.1045,208,230,438,9,11.450833333333334
6683,4,1,0,2,1,2,0.52,0.94,0.0896,2,9,11,11,11.368333333333334
6694,4,12,0,2,1,2,0.6,0.73,0.1642,51,130,181,11,11.368333333333334
6734,4,4,0,4,1,2,0.54,1.0,0.1045,2,5,7,13,11.286388888888888
6782,4,4,0,6,0,1,0.42,0.67,0.1343,0,6,6,15,11.204722222222221
6784,4,6,0,6,0,1,0.4,0.71,0.0,5,15,20,15,11.204722222222221
6805,4,3,0,0,0,1,0.42,0.54,0.1343,11,31,42,16,11.164166666666667
6808,4,6,0,0,0,1,0.38,0.66,0.1642,3,7,10,16,11.164166666666667
6812,4,10,0,0,0,1,0.54,0.45,0.2537,121,226,347,16,11.164166666666667
6820,4,18,0,0,0,1,0.56,0.49,0.4478,102,226,328,16,11.164166666666667
6824,4,22,0,0,0,1,0.56,0.49,0.4179,42,88,130,16,11.164166666666667
6835,4,9,0,1,1,2,0.5,0.45,0.2836,26,180,206,17,11.123611111111112
6840,4,14,0,1,1,1,0.58,0.49,0.194,44,122,166,17,11.123611111111112
6841,4,15,0,1,1,1,0.56,0.6,0.2537,66,142,208,17,11.123611111111112
6848,4,22,0,1,1,1,0.5,0.77,0.0,16,88,104,17,11.123611111111112
6877,4,4,0,3,1,3,0.5,0.94,0.194,0,3,3,19,11.043055555555556
6920,4,23,0,4,1,1,0.42,0.58,0.2537,7,83,90,20,11.003055555555555
6922,4,1,0,5,1,1,0.4,0.62,0.2239,7,19,26,21,10.963333333333333
6934,4,13,0,5,1,1,0.48,0.48,0.3284,43,163,206,21,10.963333333333333
6940,4,19,0,5,1,2,0.44,0.54,0.3881,25,228,253,21,10.963333333333333
6941,4,20,0,5,1,2,0.44,0.54,0.2239,29,155,184,21,10.963333333333333
6953,4,8,0,6,0,1,0.4,0.71,0.0,26,88,114,22,10.92361111111111
6981,4,12,0,0,0,1,0.5,0.59,0.2537,164,249,413,23,10.884166666666667
7029,4,12,0,2,1,1,0.54,0.39,0.3582,35,165,200,25,10.805833333333334
7076,4,11,0,4,1,3,0.5,0.88,0.1343,8,44,52,27,10.728333333333333
7080,4,15,0,4,1,2,0.52,0.83,0.1045,12,95,107,27,10.728333333333333
7081,4,16,0,4,1,2,0.56,0.73,0.1642,14,193,207,27,10.728333333333333
7093,4,4,0,5,1,1,0.3,0.65,0.2836,5,5,10,28,10.69
7112,4,23,0,5,1,3,0.3,0.81,0.3284,8,31,39,28,10.69
7147,4,10,0,0,0,1,0.32,0.61,0.0896,53,125,178,30,10.614166666666666
7148,4,11,0,0,0,1,0.36,0.53,0.2239,58,182,240,30,10.614166666666666
7163,4,2,0,1,1,1,0.24,0.87,0.0,0,3,3,31,10.576666666666666
7208,4,23,0,2,1,1,0.34,0.87,0.0,11,61,72,1,10.539166666666667
7280,4,23,0,5,1,1,0.32,0.49,0.3284,17,72,89,4,10.429444444444444
7342,4,13,0,1,1,1,0.54,0.49,0.0896,32,157,189,7,10.323055555555555
7378,4,1,0,3,1,1,0.34,0.87,0.0,0,10,10,9,10.25388888888889
7416,4,15,0,4,1,3,0.36,0.81,0.2985,5,57,62,10,10.220277777777778
7458,4,9,0,6,0,1,0.3,0.61,0.1642,18,142,160,12,10.153888888888888
7460,4,11,0,6,0,1,0.38,0.54,0.2836,102,213,315,12,10.153888888888888
7473,4,0,0,0,0,2,0.4,0.58,0.194,12,61,73,13,10.12138888888889
7495,4,22,0,0,0,1,0.48,0.41,0.3881,25,64,89,13,10.12138888888889
7528,4,7,0,2,1,2,0.54,0.68,0.1642,21,298,319,15,10.058055555555555
7529,4,8,0,2,1,2,0.54,0.68,0.1045,27,453,480,15,10.058055555555555
7537,4,16,0,2,1,2,0.52,0.68,0.1343,31,240,271,15,10.058055555555555
7547,4,2,0,3,1,2,0.46,0.94,0.1045,4,6,10,16,10.027222222222223
7561,4,16,0,3,1,3,0.48,0.94,0.1045,13,110,123,16,10.027222222222223
7594,4,1,0,5,1,1,0.26,0.44,0.3284,0,10,10,18,9.966944444444444
7611,4,18,0,5,1,1,0.3,0.36,0.1642,16,312,328,18,9.966944444444444
7615,4,22,0,5,1,1,0.26,0.52,0.1045,9,88,97,18,9.966944444444444
7616,4,23,0,5,1,1,0.26,0.6,0.1343,5,54,59,18,9.966944444444444
7655,4,14,0,0,0,1,0.52,0.63,0.2537,113,250,363,20,9.909444444444444
7670,4,5,0,1,1,2,0.44,1.0,0.0,0,20,20,21,9.881666666666666
7674,4,9,0,1,1,2,0.48,0.94,0.1045,15,222,237,21,9.881666666666666
7707,4,18,0,2,1,3,0.44,1.0,0.0,0,148,148,22,9.854444444444445
7714,4,1,0,3,1,2,0.48,0.94,0.2985,0,8,8,23,9.827777777777778
7723,4,10,0,3,1,2,0.52,0.94,0.194,6,70,76,23,9.827777777777778
7731,4,18,0,3,1,2,0.4,0.58,0.5224,7,138,145,23,9.827777777777778
7772,4,11,0,5,1,1,0.4,0.66,0.1045,99,127,226,25,9.776666666666667
7773,4,12,0,5,1,1,0.46,0.51,0.1045,126,146,272,25,9.776666666666667
7782,4,21,0,5,1,1,0.36,0.71,0.0,24,61,85,25,9.776666666666667
7812,4,3,0,0,0,1,0.34,0.87,0.0,9,8,17,27,9.72861111111111
7817,4,8,0,0,0,1,0.4,0.82,0.2985,6,36,42,27,9.72861111111111
7820,4,11,0,0,0,1,0.5,0.63,0.3582,83,157,240,27,9.72861111111111
7828,4,19,0,0,0,1,0.48,0.67,0.2239,30,109,139,27,9.72861111111111
7829,4,20,0,0,0,1,0.5,0.63,0.2537,10,94,104,27,9.72861111111111
7836,4,4,0,1,1,1,0.44,0.82,0.0896,0,4,4,28,9.705833333333333
7868,4,12,0,2,1,3,0.42,0.82,0.4179,1,17,18,29,9.68388888888889
7877,4,21,0,2,1,2,0.38,0.87,0.2537,9,116,125,29,9.68388888888889
7890,4,10,0,3,1,1,0.34,0.66,0.2239,15,95,110,30,9.6625
7920,4,16,0,4,1,1,0.4,0.4,0.194,9,192,201,1,9.641944444444444
7943,4,15,0,5,1,1,0.42,0.41,0.0896,24,175,199,2,9.6225
7946,4,18,0,5,1,1,0.4,0.5,0.0,10,362,372,2,9.6225
7990,4,14,0,0,0,1,0.42,0.62,0.1343,77,246,323,4,9.585833333333333
8003,4,3,0,1,1,1,0.32,0.87,0.0,0,2,2,5,9.568888888888889
8022,4,22,0,1,1,2,0.44,0.88,0.1343,12,94,106,5,9.568888888888889
8024,4,0,0,2,1,2,0.5,0.77,0.2985,3,25,28,6,9.552777777777777
8050,4,2,0,3,1,3,0.46,1.0,0.2239,2,4,6,7,9.5375
8076,4,4,0,4,1,2,0.24,0.6,0.4627,0,2,2,8,9.523333333333333
8108,4,12,0,5,1,1,0.36,0.57,0.2985,27,146,173,9,9.510277777777778
8120,4,0,0,6,0,2,0.26,0.81,0.1045,11,66,77,10,9.497777777777777
8198,4,6,0,2,1,1,0.2,0.8,0.0,0,92,92,13,9.466944444444444
8204,4,12,0,2,1,1,0.36,0.43,0.3582,20,147,167,13,9.466944444444444
8209,4,17,0,2,1,1,0.36,0.4,0.194,17,381,398,13,9.466944444444444
8277,4,13,0,5,1,2,0.34,0.39,0.3582,12,125,137,16,9.445
8299,4,11,0,6,0,2,0.28,0.45,0.3284,21,188,209,17,9.439722222222223
8305,4,17,0,6,0,1,0.26,0.48,0.2239,12,153,165,17,9.439722222222223
8333,4,21,0,0,0,1,0.22,0.64,0.0,9,80,89,18,9.435555555555556
8347,4,11,0,1,1,1,0.26,0.65,0.2537,22,105,127,19,9.4325
8372,4,12,0,2,1,2,0.44,0.54,0.1343,16,159,175,20,9.430277777777778
8441,1,9,0,5,1,1,0.4,0.66,0.2985,4,152,156,23,9.430277777777778
8531,1,5,0,2,1,2,0.3,0.64,0.2836,0,8,8,27,9.445
8600,1,3,0,5,1,1,0.24,0.7,0.1045,0,6,6,30,9.466944444444444
8602,1,5,0,5,1,1,0.22,0.75,0.0896,0,10,10,30,9.466944444444444
8664,1,19,0,0,0,3,0.42,0.67,0.3881,20,85,105,1,9.48638888888889
8673,1,5,1,1,0,1,0.28,0.45,0.3284,1,3,4,2,9.497777777777777
8681,1,13,1,1,0,1,0.3,0.36,0.2985,26,150,176,2,9.497777777777777
8685,1,17,1,1,0,1,0.26,0.35,0.3881,17,136,153,2,9.497777777777777
8754,1,14,0,4,1,1,0.34,0.39,0.2836,13,104,117,5,9.537777777777778
8761,1,21,0,4,1,1,0.26,0.6,0.1343,9,88,97,5,9.537777777777778
8793,1,5,0,6,0,1,0.26,0.75,0.1045,2,7,9,7,9.569166666666666
8849,1,13,0,1,1,2,0.26,0.56,0.1045,3,77,80,9,9.604166666666666
8853,1,17,0,1,1,3,0.22,0.87,0.0,5,147,152,9,9.604166666666666
8860,1,0,0,2,1,2,0.22,0.87,0.1045,0,14,14,10,9.623055555555556
8866,1,7,0,2,1,2,0.18,0.93,0.1642,3,219,222,10,9.623055555555556
8878,1,19,0,2,1,1,0.38,0.46,0.1045,11,270,281,10,9.623055555555556
8927,1,20,0,4,1,2,0.42,0.71,0.194,11,229,240,12,9.663333333333334
8954,1,23,0,5,1,1,0.18,0.47,0.194,5,60,65,13,9.684722222222222
8964,1,9,0,6,0,1,0.14,0.5,0.1045,3,78,81,14,9.707222222222223
8983,1,4,0,0,0,2,0.16,0.47,0.3881,1,5,6,15,9.730277777777777
8996,1,17,0,0,0,1,0.22,0.25,0.2537,15,131,146,15,9.730277777777777
9016,1,13,1,1,0,2,0.24,0.41,0.4179,26,202,228,16,9.754166666666666
9035,1,9,0,2,1,3,0.32,0.81,0.2537,7,61,68,17,9.778611111111111
9065,1,15,0,3,1,1,0.3,0.33,0.5224,8,122,130,18,9.804166666666667
9070,1,20,0,3,1,1,0.22,0.37,0.2537,1,164,165,18,9.804166666666667
9076,1,2,0,4,1,1,0.14,0.5,0.1343,0,3,3,19,9.83
9091,1,17,0,4,1,2,0.26,0.44,0.3284,21,364,385,19,9.83
9106,1,8,0,5,1,1,0.22,0.64,0.2537,4,421,425,20,9.856944444444444
9133,1,11,0,6,0,2,0.18,0.86,0.1045,1,62,63,21,9.884444444444444
9158,1,12,0,0,0,2,0.16,0.8,0.2239,24,161,185,22,9.9125
9198,1,4,0,2,1,2,0.3,1.0,0.0896,0,2,2,24,9.970833333333333
9212,1,18,0,2,1,1,0.4,0.62,0.0896,32,391,423,24,9.970833333333333
9224,1,6,0,3,1,1,0.24,0.73,0.2239,1,87,88,25,10.000833333333333
9225,1,7,0,3,1,1,0.24,0.75,0.2239,14,243,257,25,10.000833333333333
9232,1,14,0,3,1,1,0.34,0.49,0.0896,53,107,160,25,10.000833333333333
9241,1,23,0,3,1,2,0.28,0.65,0.0,3,63,66,25,10.000833333333333
9256,1,14,0,4,1,2,0.4,0.71,0.1045,16,112,128,26,10.031666666666666
9260,1,18,0,4,1,2,0.42,0.71,0.0,12,394,406,26,10.031666666666666
9275,1,9,0,5,1,3,0.5,0.88,0.2836,6,101,107,27,10.062777777777777
9279,1,13,0,5,1,1,0.5,0.59,0.4627,26,175,201,27,10.062777777777777
9292,1,2,0,6,0,1,0.26,0.6,0.0,3,38,41,28,10.094722222222222
9328,1,14,0,0,0,1,0.32,0.26,0.2537,51,229,280,29,10.126944444444444
9352,1,14,0,1,1,1,0.32,0.24,0.1343,15,100,115,30,10.159722222222221
9364,1,2,0,2,1,1,0.3,0.42,0.2239,0,2,2,31,10.193333333333333
9386,1,0,0,3,1,1,0.44,0.38,0.2836,0,31,31,1,10.226944444444445
9404,1,18,0,3,1,1,0.56,0.46,0.1642,12,514,526,1,10.226944444444445
9447,1,13,0,5,1,1,0.36,0.46,0.0,25,173,198,3,10.296111111111111
9460,1,2,0,6,0,1,0.24,0.7,0.0896,6,38,44,4,10.331388888888888
9480,1,22,0,6,0,2,0.24,0.87,0.0896,4,91,95,4,10.331388888888888
9497,1,15,0,0,0,2,0.3,0.56,0.2537,55,217,272,5,10.366944444444444
9543,1,14,0,2,1,1,0.44,0.38,0.2537,11,127,138,7,10.439444444444444
9585,1,8,0,4,1,1,0.2,0.64,0.2537,11,473,484,9,10.513333333333334
9594,1,17,0,4,1,1,0.34,0.34,0.1343,12,387,399,9,10.513333333333334
9598,1,21,0,4,1,1,0.3,0.52,0.0896,8,169,177,9,10.513333333333334
9609,1,8,0,5,1,1,0.2,0.59,0.1642,1,447,448,10,10.550555555555556
9618,1,17,0,5,1,2,0.34,0.42,0.194,15,381,396,10,10.550555555555556
9620,1,19,0,5,1,2,0.32,0.57,0.0,16,246,262,10,10.550555555555556
9623,1,22,0,5,1,2,0.32,0.66,0.0,11,102,113,10,10.550555555555556
9626,1,1,0,6,0,3,0.28,0.81,0.1343,2,43,45,11,10.588333333333333
9707,1,10,0,2,1,2,0.26,0.6,0.1343,8,90,98,14,10.703611111111112
9752,1,7,0,4,1,2,0.3,0.7,0.1343,3,285,288,16,10.781666666666666
9773,1,4,0,5,1,2,0.28,0.93,0.194,0,1,1,17,10.821111111111112
9777,1,8,0,5,1,2,0.26,1.0,0.0,4,516,520,17,10.821111111111112
9778,1,9,0,5,1,2,0.26,1.0,0.0,8,275,283,17,10.821111111111112
9795,1,2,0,6,0,1,0.3,0.61,0.2537,6,39,45,18,10.860833333333334
9799,1,6,0,6,0,1,0.24,0.7,0.0,1,8,9,18,10.860833333333334
9812,1,19,0,6,0,1,0.44,0.44,0.1642,38,150,188,18,10.860833333333334
9825,1,8,0,0,0,2,0.24,0.56,0.194,8,48,56,19,10.900555555555556
9847,1,7,1,1,0,2,0.22,0.55,0.3284,2,42,44,20,10.940833333333334
9858,1,18,1,1,0,1,0.34,0.34,0.2239,27,215,242,20,10.940833333333334
9859,1,19,1,1,0,1,0.34,0.34,0.2239,8,164,172,20,10.940833333333334
9885,1,22,0,2,1,2,0.34,0.71,0.194,3,97,100,21,10.981111111111112
9889,1,2,0,3,1,1,0.34,0.66,0.2836,1,5,6,22,11.02138888888889
9908,1,21,0,3,1,2,0.48,0.33,0.2836,19,220,239,22,11.02138888888889
9913,1,2,0,4,1,2,0.44,0.62,0.2239,5,4,9,23,11.062222222222223
9964,1,5,0,6,0,2,0.3,0.42,0.2985,0,3,3,25,11.143888888888888
9995,1,12,0,0,0,1,0.3,0.39,0.1343,49,256,305,26,11.185
9997,1,14,0,0,0,1,0.34,0.31,0.0,68,263,331,26,11.185
10040,1,9,0,2,1,1,0.28,0.45,0.3582,7,225,232,28,11.267777777777777
10067,1,13,0,3,1,2,0.36,0.93,0.3582,4,72,76,29,11.309166666666666
10080,1,2,0,4,1,2,0.46,0.94,0.2836,0,6,6,1,11.350833333333334
10088,1,10,0,4,1,1,0.52,0.55,0.1642,11,122,133,1,11.350833333333334
10117,1,15,0,5,1,2,0.42,0.5,0.2985,5,73,78,2,11.3925
10130,1,4,0,6,0,2,0.36,0.93,0.194,0,2,2,3,11.434444444444445
10166,1,16,0,0,0,1,0.36,0.29,0.4925,68,231,299,4,11.47638888888889
10182,1,8,0,1,1,1,0.2,0.59,0.1045,13,415,428,5,11.518333333333333
10224,1,2,0,3,1,1,0.3,0.56,0.2836,0,4,4,7,11.6025
10258,1,12,0,4,1,2,0.56,0.6,0.4478,27,224,251,8,11.644722222222223
10279,1,9,0,5,1,2,0.34,0.42,0.5224,17,267,284,9,11.686944444444444
10281,1,11,0,5,1,2,0.36,0.34,0.3582,17,170,187,9,11.686944444444444
10289,1,19,0,5,1,1,0.42,0.28,0.6119,12,232,244,9,11.686944444444444
10291,1,21,0,5,1,1,0.36,0.34,0.3284,8,133,141,9,11.686944444444444
10293,1,23,0,5,1,1,0.32,0.33,0.2985,9,77,86,9,11.686944444444444
10317,1,23,0,6,0,1,0.26,0.41,0.194,6,77,83,10,11.729444444444445
10326,1,9,0,0,0,1,0.26,0.6,0.2239,20,70,90,11,11.771666666666667
10327,1,10,0,0,0,1,0.32,0.49,0.2836,71,147,218,11,11.771666666666667
10409,1,20,0,3,1,1,0.62,0.35,0.1045,44,286,330,14,11.899166666666666
10530,1,21,0,1,1,1,0.6,0.64,0.1642,33,190,223,19,12.111666666666666
10552,1,19,0,2,1,1,0.58,0.73,0.1343,75,480,555,20,12.154166666666667
10559,2,2,0,3,1,1,0.5,0.88,0.1343,2,8,10,21,12.196666666666667
10563,2,6,0,3,1,2,0.48,0.94,0.2239,10,139,149,21,12.196666666666667
10569,2,12,0,3,1,2,0.54,0.77,0.0,58,171,229,21,12.196666666666667
10628,2,23,0,5,1,1,0.6,0.69,0.2537,51,125,176,23,12.28138888888889
10674,2,21,0,0,0,1,0.48,0.77,0.1642,25,124,149,25,12.366388888888888
10684,2,7,0,1,1,1,0.44,0.72,0.194,15,355,370,26,12.408611111111112
10703,2,2,0,2,1,1,0.26,0.3,0.2985,1,6,7,27,12.450833333333334
10719,2,18,0,2,1,1,0.42,0.17,0.0896,67,577,644,27,12.450833333333334
10732,2,7,0,3,1,1,0.36,0.46,0.3284,10,348,358,28,12.493055555555555
10738,2,13,0,3,1,1,0.56,0.43,0.3284,60,213,273,28,12.493055555555555
10740,2,15,0,3,1,2,0.62,0.41,0.2985,47,152,199,28,12.493055555555555
10743,2,18,0,3,1,1,0.6,0.6,0.2239,61,580,641,28,12.493055555555555
10761,2,12,0,4,1,1,0.5,0.42,0.4925,64,228,292,29,12.535277777777777
10803,2,6,0,6,0,2,0.36,0.87,0.1642,7,16,23,31,12.619444444444444
10809,2,12,0,6,0,1,0.48,0.67,0.0,263,358,621,31,12.619444444444444
10828,2,7,0,0,0,2,0.36,0.71,0.1343,29,55,84,1,12.661388888888888
10888,2,20,0,2,1,1,0.56,0.24,0.1343,54,325,379,3,12.745277777777778
10889,2,21,0,2,1,1,0.54,0.45,0.0,33,210,243,3,12.745277777777778
10901,2,9,0,3,1,2,0.48,0.55,0.1343,47,316,363,4,12.786944444444444
10929,2,13,0,4,1,1,0.46,0.31,0.0,89,202,291,5,12.828333333333333
10974,2,10,0,6,0,1,0.42,0.28,0.2537,187,176,363,7,12.911388888888888
11036,2,0,0,2,1,2,0.44,0.47,0.2836,3,23,26,10,13.034722222222221
11037,2,1,0,2,1,1,0.42,0.5,0.2239,0,9,9,10,13.034722222222221
11042,2,6,0,2,1,1,0.34,0.71,0.1045,3,100,103,10,13.034722222222221
11046,2,10,0,2,1,1,0.46,0.47,0.1642,49,132,181,10,13.034722222222221
11116,2,9,0,5,1,1,0.42,0.41,0.1642,36,294,330,13,13.156944444444445
11118,2,11,0,5,1,1,0.46,0.36,0.1343,75,158,233,13,13.156944444444445
11132,2,1,0,6,0,1,0.4,0.58,0.1343,10,60,70,14,13.197222222222223
11162,2,7,0,0,0,1,0.5,0.63,0.1045,16,30,46,15,13.2375
11170,2,15,0,0,0,1,0.7,0.39,0.3881,266,351,617,15,13.2375
11171,2,16,0,0,0,1,0.72,0.39,0.3582,286,330,616,15,13.2375
11174,2,19,0,0,0,1,0.7,0.42,0.2537,114,265,379,15,13.2375
11179,2,0,1,1,0,1,0.64,0.53,0.3284,15,26,41,16,13.2775
11203,2,0,0,2,1,1,0.66,0.54,0.194,10,33,43,17,13.3175
11204,2,1,0,2,1,1,0.64,0.57,0.1642,6,5,11,17,13.3175
11226,2,23,0,2,1,1,0.54,0.32,0.2239,10,72,82,17,13.3175
11261,2,10,0,4,1,1,0.48,0.63,0.0896,46,143,189,19,13.39638888888889
11262,2,11,0,4,1,1,0.52,0.48,0.0,46,183,229,19,13.39638888888889
11266,2,15,0,4,1,1,0.6,0.43,0.0,66,196,262,19,13.39638888888889
11269,2,18,0,4,1,1,0.6,0.43,0.0896,99,677,776,19,13.39638888888889
11294,2,19,0,5,1,1,0.6,0.53,0.194,82,410,492,20,13.435555555555556
11302,2,3,0,6,0,1,0.5,0.82,0.2239,4,25,29,21,13.474722222222223
11318,2,19,0,6,0,3,0.56,0.73,0.4925,9,45,54,21,13.474722222222223
11332,2,9,0,0,0,3,0.4,0.82,0.2537,8,71,79,22,13.513333333333334
11333,2,10,0,0,0,3,0.38,0.82,0.3284,11,57,68,22,13.513333333333334
11389,2,18,0,2,1,1,0.5,0.18,0.0,52,580,632,24,13.59
11400,2,5,0,3,1,1,0.34,0.66,0.0,0,24,24,25,13.628055555555555
11405,2,10,0,3,1,1,0.52,0.34,0.0,44,138,182,25,13.628055555555555
11424,2,5,0,4,1,2,0.48,0.63,0.1343,0,17,17,26,13.665833333333333
11425,2,6,0,4,1,2,0.48,0.63,0.2537,5,122,127,26,13.665833333333333
11427,2,8,0,4,1,3,0.46,0.82,0.194,4,358,362,26,13.665833333333333
11440,2,21,0,4,1,1,0.52,0.83,0.2239,28,222,250,26,13.665833333333333
11454,2,11,0,5,1,1,0.44,0.38,0.3284,47,186,233,27,13.703055555555556
11457,2,14,0,5,1,1,0.46,0.33,0.3284,94,206,300,27,13.703055555555556
11458,2,15,0,5,1,1,0.52,0.29,0.4925,101,223,324,27,13.703055555555556
11460,2,17,0,5,1,1,0.54,0.24,0.3881,89,613,702,27,13.703055555555556
11462,2,19,0,5,1,1,0.5,0.27,0.3881,62,379,441,27,13.703055555555556
11465,2,22,0,5,1,1,0.42,0.38,0.2537,24,134,158,27,13.703055555555556
11471,2,4,0,6,0,1,0.34,0.49,0.1642,0,2,2,28,13.740277777777777
11480,2,13,0,6,0,2,0.4,0.37,0.0,120,269,389,28,13.740277777777777
11488,2,21,0,6,0,3,0.36,0.71,0.194,12,72,84,28,13.740277777777777
11532,2,17,0,1,1,1,0.56,0.6,0.1642,66,617,683,30,14.016666666666667
11533,2,18,0,1,1,2,0.56,0.6,0.2239,53,611,664,30,14.016666666666667
11537,2,22,0,1,1,2,0.52,0.55,0.1642,11,123,134,30,14.016666666666667
11553,2,14,0,2,1,2,0.74,0.48,0.2537,37,167,204,1,13.833333333333334
11560,2,21,0,2,1,1,0.64,0.65,0.1343,31,251,282,1,13.833333333333334
11606,2,19,0,4,1,1,0.7,0.61,0.194,55,467,522,3,13.904444444444444
11645,2,10,0,6,0,1,0.66,0.65,0.1343,148,284,432,5,13.974166666666667
11652,2,17,0,6,0,2,0.68,0.65,0.2985,204,298,502,5,13.974166666666667
11658,2,23,0,6,0,2,0.56,0.83,0.2836,35,114,149,5,13.974166666666667
11666,2,7,0,0,0,3,0.52,0.83,0.1642,5,31,36,6,14.008333333333333
11683,2,0,0,1,1,2,0.52,0.77,0.1343,13,21,34,7,14.042222222222222
11708,2,1,0,2,1,2,0.52,0.59,0.2239,6,3,9,8,14.075555555555555
11714,2,7,0,2,1,1,0.52,0.72,0.2836,21,442,463,8,14.075555555555555
11753,2,22,0,3,1,3,0.48,0.82,0.1045,5,62,67,9,14.108333333333333
11808,2,5,0,6,0,1,0.42,0.67,0.1343,5,8,13,12,14.204166666666667
11818,2,15,0,6,0,1,0.68,0.24,0.194,269,321,590,12,14.204166666666667
11835,2,8,0,0,0,1,0.56,0.64,0.1642,32,124,156,13,14.235
11862,2,11,0,1,1,2,0.56,0.83,0.2239,12,67,79,14,14.265555555555556
11864,2,13,0,1,1,2,0.62,0.73,0.2239,33,143,176,14,14.265555555555556
11879,2,4,0,2,1,3,0.56,0.94,0.0,1,4,5,15,14.295555555555556
11936,2,13,0,4,1,1,0.62,0.41,0.194,86,241,327,17,14.35361111111111
12006,2,11,0,0,0,1,0.66,0.36,0.3284,258,323,581,20,14.436111111111112
12120,2,5,0,5,1,2,0.62,0.88,0.0896,2,28,30,25,14.561111111111112
12123,2,8,0,5,1,2,0.64,0.89,0.1045,32,551,583,25,14.561111111111112
12128,2,13,0,5,1,1,0.74,0.62,0.1343,86,247,333,25,14.561111111111112
12156,2,17,0,6,0,2,0.78,0.52,0.2537,235,227,462,26,14.58388888888889
12192,2,5,1,1,0,1,0.6,0.78,0.1343,4,5,9,28,14.6275
12201,2,14,1,1,0,1,0.8,0.63,0.2836,238,227,465,28,14.6275
12205,2,18,1,1,0,1,0.8,0.59,0.2985,132,251,383,28,14.6275
12218,2,7,0,2,1,1,0.66,0.78,0.2239,19,431,450,29,14.648333333333333
12219,2,8,0,2,1,1,0.7,0.74,0.194,46,588,634,29,14.648333333333333
12245,2,10,0,3,1,2,0.62,0.69,0.2836,39,138,177,30,14.668055555555556
12265,2,6,0,4,1,1,0.6,0.73,0.2239,7,171,178,31,14.687222222222223
12270,2,11,0,4,1,1,0.72,0.37,0.2836,65,153,218,31,14.687222222222223
12276,2,17,0,4,1,1,0.76,0.31,0.1642,85,742,827,31,14.687222222222223
12279,2,20,0,4,1,1,0.68,0.44,0.1642,88,391,479,31,14.687222222222223
12296,2,13,0,5,1,1,0.72,0.7,0.2985,76,240,316,1,14.705555555555556
12298,2,15,0,5,1,3,0.72,0.66,0.2836,45,213,258,1,14.705555555555556
12303,2,20,0,5,1,3,0.62,0.94,0.2537,1,38,39,1,14.705555555555556
12305,2,22,0,5,1,3,0.6,0.88,0.1343,1,22,23,1,14.705555555555556
12343,2,12,0,0,0,1,0.66,0.39,0.2985,276,408,684,3,14.739722222222222
12349,2,18,0,0,0,1,0.7,0.34,0.2537,153,343,496,3,14.739722222222222
12363,2,8,0,1,1,1,0.6,0.49,0.2239,22,643,665,4,14.755555555555556
12370,2,15,0,1,1,1,0.66,0.39,0.2985,77,215,292,4,14.755555555555556
12391,2,12,0,2,1,2,0.54,0.56,0.2239,45,202,247,5,14.770555555555555
12396,2,17,0,2,1,1,0.6,0.43,0.0,86,764,850,5,14.770555555555555
12436,2,9,0,4,1,1,0.58,0.68,0.0,37,300,337,7,14.797777777777778
12450,2,23,0,4,1,1,0.56,0.52,0.1343,42,135,177,7,14.797777777777778
12473,2,22,0,5,1,1,0.68,0.41,0.1045,61,230,291,8,14.810277777777777
12523,2,0,0,1,1,1,0.7,0.65,0.1045,8,33,41,11,14.841944444444444
12527,2,4,0,1,1,1,0.64,0.78,0.1343,0,7,7,11,14.841944444444444
12544,2,21,0,1,1,2,0.72,0.58,0.194,32,218,250,11,14.841944444444444
12545,2,22,0,1,1,2,0.72,0.58,0.194,22,142,164,11,14.841944444444444
12573,2,2,0,3,1,1,0.62,0.83,0.1343,0,4,4,13,14.858611111111111
12610,2,15,0,4,1,1,0.74,0.48,0.2985,111,213,324,14,14.865277777777777
12628,2,9,0,5,1,1,0.62,0.65,0.1642,58,308,366,15,14.87138888888889
12632,2,13,0,5,1,1,0.7,0.42,0.2537,121,272,393,15,14.87138888888889
12661,2,18,0,6,0,2,0.72,0.37,0.2239,256,315,571,16,14.876388888888888
12671,2,4,0,0,0,1,0.54,0.64,0.0896,2,16,18,17,14.880277777777778
12688,2,21,0,0,0,1,0.62,0.57,0.194,76,170,246,17,14.880277777777778
12715,2,0,0,2,1,2,0.6,0.78,0.1642,5,30,35,19,14.885555555555555
12729,2,14,0,2,1,1,0.76,0.58,0.1045,61,166,227,19,14.885555555555555
12745,2,6,0,3,1,2,0.64,0.89,0.0896,9,156,165,20,14.886666666666667
12766,3,3,0,4,1,1,0.72,0.74,0.0,3,8,11,21,14.886944444444444
12787,3,0,0,5,1,2,0.76,0.7,0.1045,16,77,93,22,14.886388888888888
12801,3,14,0,5,1,1,0.88,0.39,0.2239,65,198,263,22,14.886388888888888
12814,3,3,0,6,0,2,0.64,0.83,0.0896,10,32,42,23,14.884722222222223
12815,3,4,0,6,0,2,0.64,0.83,0.1642,6,13,19,23,14.884722222222223
12840,3,5,0,0,0,1,0.62,0.69,0.1343,1,7,8,24,14.881944444444445
12926,3,19,0,3,1,1,0.78,0.29,0.3284,101,542,643,27,14.868611111111111
12942,3,11,0,4,1,1,0.8,0.31,0.194,41,170,211,28,14.862222222222222
12953,3,22,0,4,1,1,0.76,0.52,0.1642,50,224,274,28,14.862222222222222
12970,3,15,0,5,1,1,0.96,0.36,0.0,47,183,230,29,14.854722222222222
12976,3,21,0,5,1,2,0.86,0.53,0.194,41,195,236,29,14.854722222222222
12982,3,3,0,6,0,2,0.64,0.89,0.0,3,20,23,30,14.846666666666666
12984,3,5,0,6,0,1,0.64,0.89,0.1642,3,7,10,30,14.846666666666666
12996,3,17,0,6,0,1,0.88,0.32,0.1343,131,231,362,30,14.846666666666666
13030,3,3,0,1,1,2,0.72,0.54,0.4179,0,5,5,2,14.827222222222222
13032,3,5,0,1,1,2,0.72,0.51,0.0,3,37,40,2,14.827222222222222
13058,3,7,0,2,1,1,0.74,0.58,0.0,21,462,483,3,14.81638888888889
13064,3,13,0,2,1,1,0.9,0.25,0.1343,80,203,283,3,14.81638888888889
13085,3,10,1,3,0,1,0.8,0.46,0.0,143,304,447,4,14.804444444444444
13165,3,18,0,6,0,1,0.94,0.29,0.0896,83,194,277,7,14.76361111111111
13236,3,17,0,2,1,1,0.78,0.49,0.194,103,769,872,10,14.715277777777779
13264,3,21,0,3,1,1,0.72,0.58,0.2239,69,322,391,11,14.6975
13285,3,18,0,4,1,1,0.76,0.45,0.1343,86,739,825,12,14.678888888888888
13298,3,7,0,5,1,2,0.7,0.54,0.0,27,353,380,13,14.659722222222221
13316,3,1,0,6,0,2,0.7,0.51,0.1045,13,105,118,14,14.639444444444445
13326,3,11,0,6,0,2,0.72,0.7,0.1045,143,296,439,14,14.639444444444445
13328,3,13,0,6,0,2,0.76,0.62,0.0896,219,372,591,14,14.639444444444445
13333,3,18,0,6,0,1,0.72,0.79,0.1343,108,243,351,14,14.639444444444445
13362,3,23,0,0,0,1,0.72,0.79,0.1343,25,66,91,15,14.618611111111111
13364,3,1,0,1,1,2,0.7,0.74,0.194,1,10,11,16,14.596944444444444
13376,3,13,0,1,1,1,0.84,0.49,0.2836,63,176,239,16,14.596944444444444
13393,3,6,0,2,1,1,0.72,0.66,0.1045,16,197,213,17,14.574722222222222
13411,3,0,0,3,1,1,0.76,0.66,0.1642,8,45,53,18,14.551666666666666
13421,3,10,0,3,1,1,0.9,0.42,0.194,39,99,138,18,14.551666666666666
13453,3,18,0,4,1,1,0.86,0.41,0.194,93,684,777,19,14.527777777777779
13506,3,23,0,6,0,2,0.6,0.88,0.0,32,117,149,21,14.478333333333333
13527,3,20,0,0,0,1,0.7,0.74,0.1642,124,254,378,22,14.452777777777778
13599,3,20,0,3,1,1,0.74,0.4,0.1642,106,461,567,25,14.371944444444445
13609,3,6,0,4,1,1,0.66,0.78,0.2537,16,165,181,26,14.34361111111111
13610,3,7,0,4,1,1,0.7,0.74,0.2537,17,478,495,26,14.34361111111111
13634,3,7,0,5,1,1,0.72,0.7,0.194,13,397,410,27,14.315
13650,3,23,0,5,1,1,0.76,0.66,0.0,34,155,189,27,14.315
13659,3,8,0,6,0,1,0.74,0.66,0.1642,36,127,163,28,14.285833333333333
13683,3,8,0,0,0,1,0.7,0.65,0.2239,37,90,127,29,14.25611111111111
13694,3,19,0,0,0,1,0.76,0.55,0.1642,143,300,443,29,14.25611111111111
13704,3,5,0,1,1,1,0.66,0.83,0.1045,4,43,47,30,14.225555555555555
13726,3,3,0,2,1,1,0.66,0.83,0.0896,1,5,6,31,14.195
13738,3,15,0,2,1,1,0.76,0.62,0.1343,29,115,144,31,14.195
13790,3,19,0,4,1,1,0.8,0.63,0.1642,98,509,607,2,14.131944444444445
13809,3,14,0,5,1,2,0.86,0.44,0.2537,102,229,331,3,14.099444444444444
13820,3,1,0,6,0,1,0.72,0.84,0.194,23,99,122,4,14.066944444444445
13821,3,2,0,6,0,1,0.72,0.84,0.1343,20,64,84,4,14.066944444444445
13834,3,15,0,6,0,1,0.88,0.42,0.4179,205,284,489,4,14.066944444444445
13838,3,19,0,6,0,1,0.82,0.52,0.3582,133,264,397,4,14.066944444444445
13841,3,22,0,6,0,1,0.76,0.66,0.2836,104,165,269,4,14.066944444444445
13887,3,20,0,1,1,1,0.76,0.66,0.1642,89,368,457,6,14.000277777777777
13893,3,2,0,2,1,1,0.7,0.84,0.1343,6,7,13,7,13.966388888888888
13909,3,18,0,2,1,2,0.76,0.62,0.1642,103,711,814,7,13.966388888888888
13923,3,8,0,3,1,2,0.74,0.72,0.0896,48,689,737,8,13.931944444444444
13926,3,11,0,3,1,2,0.8,0.52,0.0,80,159,239,8,13.931944444444444
13930,3,15,0,3,1,2,0.84,0.44,0.194,110,168,278,8,13.931944444444444
13959,3,20,0,4,1,1,0.7,0.54,0.2836,91,387,478,9,13.897222222222222
13965,3,2,0,5,1,1,0.7,0.74,0.1642,6,14,20,10,13.862222222222222
13988,3,1,0,6,0,1,0.66,0.74,0.2239,32,84,116,11,13.826944444444445
14021,3,10,0,0,0,1,0.7,0.51,0.1642,88,240,328,12,13.79111111111111
14065,3,6,0,2,1,3,0.64,0.83,0.194,1,63,64,14,13.71861111111111
14070,3,11,0,2,1,1,0.74,0.62,0.0,69,127,196,14,13.71861111111111
14073,3,14,0,2,1,1,0.82,0.41,0.2239,80,175,255,14,13.71861111111111
14074,3,15,0,2,1,1,0.82,0.46,0.2239,84,199,283,14,13.71861111111111
14087,3,4,0,3,1,1,0.64,0.83,0.1045,0,4,4,15,13.681944444444444
14101,3,18,0,3,1,1,0.74,0.51,0.2239,80,768,848,15,13.681944444444444
14121,3,14,0,4,1,1,0.82,0.32,0.0,72,176,248,16,13.645
14125,3,18,0,4,1,1,0.8,0.36,0.0,109,723,832,16,13.645
14138,3,7,0,5,1,1,0.64,0.73,0.1045,11,368,379,17,13.585555555555555
14155,3,0,0,6,0,2,0.64,0.83,0.2239,6,99,105,18,13.547777777777778
14163,3,8,0,6,0,1,0.64,0.69,0.2537,28,161,189,18,13.547777777777778
14201,3,22,0,0,0,2,0.62,0.78,0.1642,6,50,56,19,13.509722222222223
14218,3,15,0,1,1,1,0.72,0.54,0.2537,102,207,309,20,13.471388888888889
14258,3,7,0,3,1,1,0.62,0.78,0.0,16,537,553,22,13.394166666666667
14262,3,11,0,3,1,1,0.72,0.58,0.0896,71,196,267,22,13.394166666666667
14270,3,19,0,3,1,2,0.66,0.74,0.0,56,524,580,22,13.394166666666667
14275,3,0,0,4,1,1,0.64,0.78,0.0,9,51,60,23,13.355277777777777
14331,3,8,0,6,0,2,0.66,0.74,0.2537,29,133,162,25,13.276944444444444
14344,3,21,0,6,0,1,0.62,0.83,0.3582,60,148,208,25,13.276944444444444
14348,3,1,0,0,0,1,0.64,0.89,0.194,18,116,134,26,13.237222222222222
14391,3,20,0,1,1,1,0.74,0.7,0.194,50,366,416,27,13.197777777777778
14394,3,23,0,1,1,1,0.7,0.84,0.1642,35,79,114,27,13.197777777777778
14408,3,13,0,2,1,1,0.82,0.43,0.2985,56,232,288,28,13.157777777777778
14433,3,14,0,3,1,1,0.76,0.4,0.0896,87,214,301,29,13.117777777777778
14445,3,2,0,4,1,1,0.62,0.73,0.0,3,14,17,30,13.077777777777778
14449,3,6,0,4,1,1,0.6,0.83,0.1642,8,155,163,30,13.077777777777778
14455,3,12,0,4,1,1,0.76,0.45,0.1343,73,221,294,30,13.077777777777778
14488,3,21,0,5,1,1,0.76,0.58,0.194,71,232,303,31,13.0375
14491,3,0,0,6,0,1,0.74,0.62,0.1045,22,146,168,1,12.996944444444445
14502,3,11,0,6,0,2,0.8,0.55,0.2239,219,273,492,1,12.996944444444445
14506,3,15,0,6,0,2,0.86,0.44,0.2836,257,306,563,1,12.996944444444445
14532,3,17,0,0,0,1,0.76,0.66,0.0896,219,284,503,2,12.956388888888888
14539,3,0,1,1,0,2,0.66,0.94,0.0,42,62,104,3,12.915833333333333
14546,3,7,1,1,0,1,0.68,0.85,0.0,6,37,43,3,12.915833333333333
14578,3,15,0,2,1,1,0.8,0.59,0.4627,68,224,292,4,12.875
14586,3,23,0,2,1,1,0.72,0.74,0.2985,12,83,95,4,12.875
14591,3,4,0,3,1,1,0.7,0.79,0.2836,2,3,5,5,12.834166666666667
14603,3,16,0,3,1,1,0.76,0.7,0.2537,86,344,430,5,12.834166666666667
14646,3,11,0,5,1,1,0.76,0.62,0.1343,81,215,296,7,12.752222222222223
14649,3,14,0,5,1,1,0.8,0.59,0.2537,66,187,253,7,12.752222222222223
14656,3,21,0,5,1,1,0.7,0.74,0.1642,55,246,301,7,12.752222222222223
14700,3,17,0,0,0,1,0.7,0.37,0.2537,213,458,671,9,12.669722222222223
14715,3,8,0,1,1,1,0.56,0.6,0.2836,33,697,730,10,12.628333333333334
14720,3,13,0,1,1,1,0.64,0.38,0.2239,72,251,323,10,12.628333333333334
14738,3,7,0,2,1,1,0.5,0.72,0.1045,24,572,596,11,12.586944444444445
14742,3,11,0,2,1,1,0.64,0.33,0.0896,60,187,247,11,12.586944444444445
14768,3,13,0,3,1,1,0.7,0.34,0.1343,85,238,323,12,12.545555555555556
14780,3,1,0,4,1,1,0.54,0.77,0.0896,6,22,28,13,12.50388888888889
14783,3,4,0,4,1,1,0.52,0.83,0.0,0,6,6,13,12.50388888888889
14807,3,4,0,5,1,1,0.54,0.77,0.0,1,11,12,14,12.462222222222222
14827,3,0,0,6,0,1,0.6,0.83,0.1045,38,169,207,15,12.420833333333333
14837,3,10,0,6,0,1,0.62,0.41,0.3881,119,323,442,15,12.420833333333333
14851,3,0,0,0,0,1,0.54,0.64,0.0,28,123,151,16,12.37888888888889
14853,3,2,0,0,0,1,0.52,0.63,0.0,27,62,89,16,12.37888888888889
14890,3,15,0,1,1,2,0.64,0.65,0.2537,82,256,338,17,12.337222222222222
14933,3,10,0,3,1,1,0.56,0.52,0.194,23,169,192,19,12.25361111111111
14971,3,0,0,5,1,1,0.54,0.68,0.0,13,53,66,21,12.17
15000,3,5,0,6,0,1,0.56,0.83,0.3284,2,15,17,22,12.128333333333334
15004,3,9,0,6,0,1,0.64,0.69,0.2537,88,289,377,22,12.128333333333334
15012,3,17,0,6,0,1,0.74,0.51,0.3284,195,451,646,22,12.128333333333334
15020,4,1,0,0,0,1,0.54,0.52,0.3582,23,119,142,23,12.086388888888889
15033,4,14,0,0,0,1,0.6,0.38,0.194,266,400,666,23,12.086388888888889
15060,4,17,0,1,1,1,0.58,0.3,0.0,89,809,898,24,12.044444444444444
15107,4,16,0,3,1,1,0.74,0.45,0.2836,71,397,468,26,11.960833333333333
15113,4,22,0,3,1,3,0.62,0.69,0.194,21,194,215,26,11.960833333333333
15115,4,0,0,4,1,1,0.6,0.78,0.0896,5,60,65,27,11.918888888888889
15159,4,20,0,5,1,3,0.6,0.53,0.1642,32,304,336,28,11.877222222222223
15194,4,7,0,0,0,1,0.44,0.77,0.0,14,43,57,30,11.793611111111112
15255,4,20,0,2,1,3,0.62,0.94,0.1343,20,286,306,2,11.71
15257,4,22,0,2,1,2,0.62,0.94,0.1045,28,212,240,2,11.71
15264,4,5,0,3,1,2,0.62,0.94,0.1045,2,32,34,3,11.668333333333333
15292,4,9,0,4,1,2,0.64,0.89,0.194,40,319,359,4,11.626666666666667
15300,4,17,0,4,1,1,0.7,0.51,0.2239,112,789,901,4,11.626666666666667
15320,4,13,0,5,1,1,0.7,0.48,0.0,117,307,424,5,11.585277777777778
15343,4,12,0,6,0,1,0.7,0.54,0.1045,362,381,743,6,11.543611111111112
15373,4,18,0,0,0,3,0.4,0.82,0.194,24,82,106,7,11.502222222222223
15381,4,2,1,1,0,1,0.34,0.81,0.194,3,12,15,8,11.460833333333333
15383,4,4,1,1,0,1,0.32,0.87,0.1343,1,6,7,8,11.460833333333333
15415,4,12,0,2,1,2,0.48,0.69,0.194,43,217,260,9,11.419722222222223
15534,4,11,0,0,0,1,0.56,0.52,0.2985,156,338,494,14,11.214722222222223
15539,4,16,0,0,0,1,0.64,0.41,0.2985,203,378,581,14,11.214722222222223
15542,4,19,0,0,0,1,0.56,0.64,0.2239,68,268,336,14,11.214722222222223
15553,4,6,0,1,1,2,0.56,0.73,0.2985,6,141,147,15,11.17388888888889
15586,4,15,0,2,1,1,0.54,0.41,0.3284,76,270,346,16,11.133333333333333
15640,4,21,0,4,1,2,0.54,0.77,0.194,38,245,283,18,11.052777777777777
15671,4,4,0,6,0,1,0.44,0.72,0.0,9,9,18,20,10.973055555555556
15690,4,23,0,6,0,1,0.42,0.58,0.0,27,136,163,20,10.973055555555556
15715,4,0,0,1,1,1,0.4,0.62,0.0,3,28,31,22,10.893611111111111
15717,4,2,0,1,1,1,0.38,0.71,0.0,1,4,5,22,10.893611111111111
15725,4,10,0,1,1,1,0.5,0.55,0.0,51,161,212,22,10.893611111111111
15760,4,21,0,2,1,1,0.56,0.68,0.0,35,260,295,23,10.854444444444445
15763,4,0,0,3,1,1,0.54,0.73,0.0896,7,39,46,24,10.815277777777778
15795,4,8,0,4,1,2,0.52,0.83,0.1642,33,746,779,25,10.776388888888889
15799,4,12,0,4,1,2,0.56,0.78,0.1045,61,258,319,25,10.776388888888889
15853,4,18,0,6,0,2,0.56,0.64,0.2836,138,318,456,27,10.699444444444444
15869,4,10,0,0,0,2,0.48,0.51,0.4179,120,314,434,28,10.661111111111111
15916,4,21,0,3,1,2,0.4,0.5,0.194,12,180,192,31,10.548333333333334
15917,4,22,0,3,1,1,0.36,0.57,0.1343,18,147,165,31,10.548333333333334
15919,4,0,0,4,1,1,0.36,0.57,0.0896,8,52,60,1,10.511388888888888
15937,4,18,0,4,1,2,0.4,0.5,0.1642,50,628,678,1,10.511388888888888
15952,4,9,0,5,1,1,0.34,0.53,0.1045,27,355,382,2,10.474722222222223
15956,4,13,0,5,1,1,0.4,0.43,0.3582,64,230,294,2,10.474722222222223
15968,4,1,0,6,0,2,0.34,0.49,0.3284,6,83,89,3,10.438333333333333
15996,4,5,0,0,0,1,0.26,0.65,0.1045,0,5,5,4,10.4025
16024,4,9,0,1,1,2,0.3,0.52,0.2836,18,239,257,5,10.366944444444444
16027,4,12,0,1,1,1,0.36,0.43,0.3284,38,206,244,5,10.366944444444444
16034,4,19,0,1,1,1,0.32,0.49,0.1642,11,361,372,5,10.366944444444444
16038,4,23,0,1,1,1,0.26,0.6,0.1343,0,53,53,5,10.366944444444444
16044,4,5,0,2,1,2,0.22,0.64,0.194,1,40,41,6,10.331666666666667
16049,4,10,0,2,1,1,0.3,0.49,0.194,41,189,230,6,10.331666666666667
16052,4,13,0,2,1,1,0.34,0.46,0.1343,46,232,278,6,10.331666666666667
16110,4,0,0,5,1,1,0.34,0.49,0.3284,9,46,55,9,10.228333333333333
16138,4,4,0,6,0,1,0.26,0.87,0.1045,2,4,6,10,10.195
16141,4,7,0,6,0,1,0.26,0.87,0.1045,14,57,71,10,10.195
16225,4,19,0,2,1,1,0.32,0.49,0.3582,12,344,356,13,10.097222222222221
16245,4,15,0,3,1,1,0.36,0.43,0.2836,32,228,260,14,10.065555555555555
16287,4,9,0,5,1,1,0.34,0.53,0.1045,21,330,351,16,10.004166666666666
16293,4,15,0,5,1,1,0.42,0.38,0.1343,30,237,267,16,10.004166666666666
16309,4,7,0,6,0,1,0.24,0.7,0.194,8,70,78,17,9.974444444444444
16320,4,18,0,6,0,1,0.36,0.5,0.1045,34,237,271,17,9.974444444444444
16347,4,21,0,0,0,1,0.36,0.66,0.2537,17,93,110,18,9.945
16393,4,19,0,2,1,2,0.4,0.71,0.0,23,361,384,20,9.888333333333334
16461,4,15,0,5,1,1,0.48,0.41,0.2537,233,214,447,23,9.808333333333334
16469,4,23,0,5,1,1,0.42,0.38,0.4478,20,47,67,23,9.808333333333334
16474,4,4,0,6,0,1,0.26,0.41,0.4478,1,2,3,24,9.783055555555556
16475,4,5,0,6,0,1,0.26,0.41,0.3284,1,2,3,24,9.783055555555556
16479,4,9,0,6,0,2,0.26,0.41,0.4478,26,96,122,24,9.783055555555556
16540,4,22,0,1,1,1,0.32,0.61,0.0,3,101,104,26,9.734444444444444
16541,4,23,0,1,1,2,0.32,0.66,0.1045,8,57,65,26,9.734444444444444
16587,4,21,0,3,1,1,0.3,0.39,0.1642,4,219,223,28,9.689166666666667
16591,4,1,0,4,1,1,0.22,0.64,0.0896,1,15,16,29,9.667777777777777
16625,4,12,0,5,1,2,0.38,0.46,0.0,25,243,268,30,9.646944444444445
16627,4,14,0,5,1,2,0.4,0.4,0.1045,26,225,251,30,9.646944444444445
16642,4,5,0,6,0,1,0.24,0.87,0.0896,1,12,13,1,9.627222222222223
16668,4,7,0,0,0,2,0.24,0.93,0.1343,5,26,31,2,9.608333333333333
16685,4,0,0,1,1,2,0.42,0.82,0.1642,3,18,21,3,9.590277777777779
16776,4,19,0,4,1,1,0.26,0.6,0.194,13,360,373,6,9.54138888888889
16778,4,21,0,4,1,2,0.24,0.6,0.1343,7,184,191,6,9.54138888888889
16781,4,0,0,5,1,1,0.24,0.7,0.1045,3,45,48,7,9.526944444444444
16827,4,22,0,6,0,2,0.38,0.94,0.1045,23,137,160,8,9.513333333333334
16828,4,23,0,6,0,2,0.4,0.94,0.0,18,144,162,8,9.513333333333334
16894,4,17,0,2,1,1,0.32,0.53,0.2239,21,580,601,11,9.47888888888889
16922,4,21,0,3,1,2,0.3,0.52,0.2537,16,186,202,12,9.469166666666666
16967,4,18,0,5,1,1,0.36,0.46,0.1343,23,432,455,14,9.453055555555556
16970,4,21,0,5,1,1,0.3,0.75,0.1642,7,165,172,14,9.453055555555556
17014,4,17,0,0,0,2,0.38,0.82,0.1045,29,214,243,16,9.44111111111111
17070,4,1,0,3,1,1,0.3,0.65,0.0896,1,14,15,19,9.430833333333334
17071,4,2,0,3,1,1,0.28,0.65,0.0896,1,2,3,19,9.430833333333334
17082,4,13,0,3,1,1,0.42,0.5,0.194,30,183,213,19,9.430833333333334
17101,4,8,0,4,1,2,0.3,0.7,0.0,14,585,599,20,9.429444444444444
17113,4,20,0,4,1,3,0.34,0.76,0.1642,1,49,50,20,9.429444444444444
17164,1,23,0,6,0,1,0.22,0.51,0.194,3,37,40,22,9.43
17169,1,4,0,0,0,1,0.2,0.47,0.1343,1,3,4,23,9.431944444444444
17170,1,5,0,0,0,1,0.2,0.51,0.0,0,6,6,23,9.431944444444444
17187,1,22,0,0,0,1,0.24,0.6,0.1045,5,53,58,23,9.431944444444444
17191,1,2,0,1,1,1,0.2,0.75,0.0,0,5,5,24,9.434722222222222
17192,1,3,0,1,1,1,0.2,0.75,0.0,1,2,3,24,9.434722222222222
17213,1,1,1,2,0,2,0.26,0.87,0.1642,0,13,13,25,9.438611111111111
17221,1,10,1,2,0,1,0.28,0.81,0.0,11,21,32,25,9.438611111111111
17252,1,17,0,3,1,3,0.26,0.93,0.3582,2,51,53,26,9.44361111111111
17272,1,13,0,4,1,1,0.3,0.49,0.4627,19,99,118,27,9.449722222222222
17300,1,17,0,5,1,1,0.24,0.6,0.1343,43,228,271,28,9.456666666666667
17311,1,4,0,6,0,2,0.24,0.75,0.0896,0,3,3,29,9.464722222222223
17324,1,17,0,6,0,1,0.26,0.79,0.1045,18,100,118,29,9.464722222222223
17360,1,5,0,1,1,1,0.16,0.64,0.194,0,9,9,31,9.484166666666667
